﻿Designator,Quantity,Value,Footprint,Package,MPN,DNP,Mount_Type,Description
"C1, C2",2,330uF,CP_Radial_D8.0mm_P3.50mm,,,,tht,Polarized capacitor
"C3, C4",2,10uF,CP_Radial_D5.0mm_P2.00mm,,,,tht,Polarized capacitor
"J1, J3",2,Screw_Terminal_01x02,"TerminalBlock_Phoenix_PT-1,5-2-5.0-H_1x02_P5.00mm_Horizontal",,,,tht,"Generic screw terminal, single row, 01x02, script generated (kicad-library-utils/schlib/autogen/connector/)"
J2,1,Screw_Terminal_01x03,"TerminalBlock_Phoenix_PT-1,5-3-5.0-H_1x03_P5.00mm_Horizontal",,,,tht,"Generic screw terminal, single row, 01x03, script generated (kicad-library-utils/schlib/autogen/connector/)"
Q1,1,BC337,TO-92_Inline,,,,tht,"0.8A Ic, 45V Vce, NPN Transistor, TO-92"
Q2,1,BC327,TO-92_Inline,,,,tht,"0.8A Ic, 45V Vce, PNP Transistor, TO-92"
"R1, R2",2,10k,R_Axial_DIN0207_L6.3mm_D2.5mm_P10.16mm_Horizontal,,,,tht,Resistor
U1,1,LM741,DIP-8_W7.62mm_Socket,,,,tht,"Operational Amplifier, DIP-8/TO-99-8"
U2,1,LD1086V33-DG,TO-220-3_Vertical,,,,tht,"Positive, 1.5A 30V, Linear Regulator, Fixed Output 3.3V, TO-220"
