﻿pos_x,pos_y,rotation,side,designator,mpn,pack,footprint,value,mount_type
142.0,-76.347349,-90.0,top,C1,,,CP_Radial_D8.0mm_P3.50mm,330uF,tht
142.0,-85.5,-90.0,top,C2,,,CP_Radial_D8.0mm_P3.50mm,330uF,tht
128.0,-70.0,-90.0,top,C3,,,CP_Radial_D5.0mm_P2.00mm,10uF,tht
137.0,-70.0,-90.0,top,C4,,,CP_Radial_D5.0mm_P2.00mm,10uF,tht
119.0,-67.0,180.0,top,J1,,,"TerminalBlock_Phoenix_PT-1,5-2-5.0-H_1x02_P5.00mm_Horizontal",Screw_Terminal_01x02,tht
153.0,-88.0,90.0,top,J2,,,"TerminalBlock_Phoenix_PT-1,5-3-5.0-H_1x03_P5.00mm_Horizontal",Screw_Terminal_01x03,tht
151.0,-67.0,180.0,top,J3,,,"TerminalBlock_Phoenix_PT-1,5-2-5.0-H_1x02_P5.00mm_Horizontal",Screw_Terminal_01x02,tht
131.0,-76.73,-90.0,top,Q1,,,TO-92_Inline,BC337,tht
132.0,-88.27,90.0,top,Q2,,,TO-92_Inline,BC327,tht
112.0,-73.0,-90.0,top,R1,,,R_Axial_DIN0207_L6.3mm_D2.5mm_P10.16mm_Horizontal,10k,tht
107.0,-73.0,-90.0,top,R2,,,R_Axial_DIN0207_L6.3mm_D2.5mm_P10.16mm_Horizontal,10k,tht
117.38,-86.0,90.0,top,U1,,,DIP-8_W7.62mm_Socket,LM741,tht
129.46,-64.945,0.0,top,U2,,,TO-220-3_Vertical,LD1086V33-DG,tht
